Crm Cd,Part 1-2
110,1
113,1
121,1
122,1
210,1
220,1
230,1
231,1
235,1
236,1
237,2
250,1
251,1
310,1
320,1
330,1
331,1
341,1
343,1
345,1
347,2
349,2
350,1
351,1
352,1
353,1
354,2
410,1
420,1
421,1
432,2
433,1
434,2
435,2
436,2
437,2
438,2
439,2
440,1
441,1
442,1
443,1
444,1
445,1
446,2
450,1
451,1
452,1
470,1
471,1
473,1
474,1
475,1
480,1
485,1
487,1
510,1
520,1
522,1
622,2
623,2
624,2
625,2
626,2
627,2
647,2
648,1
649,2
651,2
652,2
653,2
654,2
660,2
661,2
662,2
664,2
666,2
668,2
670,2
740,2
745,2
753,2
755,2
756,2
760,2
761,1
762,2
763,2
805,2
806,2
810,2
812,2
813,2
814,2
815,1
820,1
821,1
822,2
830,2
840,2
845,2
850,2
860,2
865,2
870,2
880,2
882,2
884,2
886,2
888,2
890,2
900,2
901,2
902,2
903,2
904,2
906,2
910,2
920,2
921,2
922,2
924,2
926,1
928,2
930,2
931,2
932,2
933,2
940,2
942,2
943,2
944,2
946,2
948,2
949,2
950,2
951,2
954,2
956,2
